Status Date,Status #,API NO.,Operator Name/Number,Lease Name,Well #,Dist.,County,Wellbore Profile,Filing Purpose,Amend,Total Depth,Stacked Lateral Parent Well DP #,Current Queue
Submitted 06/28/2021 Approved 06/16/2022,870854,5535160,"CALISTOGA ENERGY RESERVES, LLC (123871)",LG,1,1,CALDWELL,Vertical,New Drill,N,4000,,APPROVED
Submitted 12/22/2021 Approved 01/03/2022,869694,47731152,MAGNOLIA OIL & GAS OPERATING LLC (521544),BOONE B, 1H,3,WASHINGTON,Horizontal,New Drill,Y,14500,,APPROVED
Submitted 12/28/2021 Approved 01/03/2022,875623,49130489,WALKER OPERATING COMPANY (892024),SIMCIK,1,1,WILLIAMSON,Vertical,New Drill,N,1500,,APPROVED
Submitted 12/28/2021 Approved 01/03/2022,875624,49130490,WALKER OPERATING COMPANY (892024),SIMCIK,2,1,WILLIAMSON,Vertical,New Drill,N,1500,,APPROVED
Submitted 12/30/2021 Approved 01/05/2022,875679,33135112,"BETRO, INC. (068324)",PRATT,55,1,MILAM,Vertical,New Drill,N,1000,,APPROVED
Submitted 01/04/2022 Approved 01/05/2022,875707,41130170,QUIDNET ENERGY DEPLOYMENT LLC (684836),DESERTPEONY,5,7B,SAN SABA,Vertical,New Drill,N,600,,APPROVED
Submitted 01/06/2022 Approved 01/12/2022,875788,17734462,"LP OPERATING, LLC (480178)",BECKENDORF,1,1,GONZALES,Vertical,New Drill,N,7800,,APPROVED
Submitted 01/06/2022 Approved 01/14/2022,875808,17734466,"EOG RESOURCES, INC. (253162)",LUMBERJACK A, 1H,1,GONZALES,Horizontal,New Drill,N,12000,,APPROVED
Submitted 01/06/2022 Approved 01/14/2022,875809,17734463,"EOG RESOURCES, INC. (253162)",LUMBERJACK B, 2H,1,GONZALES,Horizontal,New Drill,N,12000,,APPROVED
Submitted 01/06/2022 Approved 01/14/2022,875810,17734464,"EOG RESOURCES, INC. (253162)",LUMBERJACK C, 3H,1,GONZALES,Horizontal,New Drill,N,12000,,APPROVED
Submitted 01/06/2022 Approved 01/14/2022,875813,17734465,"EOG RESOURCES, INC. (253162)",LUMBERJACK D, 4H,1,GONZALES,Horizontal,New Drill,N,12000,,APPROVED
Submitted 01/07/2022 Approved 01/11/2022,875871,49130491,WALKER OPERATING COMPANY (892024),PETRUCCI,1,1,WILLIAMSON,Vertical,New Drill,N,1500,,APPROVED
Submitted 01/07/2022 Approved 01/11/2022,875872,49130492,WALKER OPERATING COMPANY (892024),PETRUCCI,2,1,WILLIAMSON,Vertical,New Drill,N,1500,,APPROVED
Submitted 01/14/2022 Approved 01/19/2022,876118,2730143,WALKER OPERATING COMPANY (892024),WAGAR,1,1,BELL,Vertical,New Drill,N,1500,,APPROVED
Submitted 01/14/2022 Approved 01/19/2022,876119,2730144,WALKER OPERATING COMPANY (892024),WAGAR,2,1,BELL,Vertical,New Drill,N,1500,,APPROVED
Submitted 01/14/2022 Approved 01/19/2022,876120,2730145,WALKER OPERATING COMPANY (892024),WAGAR,3,1,BELL,Vertical,New Drill,N,1500,,APPROVED
Submitted 01/11/2022 Approved 01/25/2022,875992,47731191,MAGNOLIA OIL & GAS OPERATING LLC (521544),KLONDIKE GOLD, H 02KL,3,WASHINGTON,Horizontal,New Drill,N,14500,,APPROVED
Submitted 01/11/2022 Approved 01/21/2022,875976,5535165,TEXAS PETROLEUM INVESTMENT CO. (847710),"TABOR, W.H.", 14H,1,CALDWELL,Horizontal,New Drill,N,2140,,APPROVED
Submitted 01/11/2022 Approved 01/21/2022,875980,5535166,TEXAS PETROLEUM INVESTMENT CO. (847710),"TABOR, W.H.", 15H,1,CALDWELL,Horizontal,New Drill,N,2090,,APPROVED
Submitted 01/24/2022 Approved 01/31/2022,876391,41130172,QUIDNET ENERGY DEPLOYMENT LLC (684836),DESERTPEONY,3,7B,SAN SABA,Vertical,New Drill,N,600,,APPROVED
Submitted 01/24/2022 Approved 01/31/2022,876392,41130171,QUIDNET ENERGY DEPLOYMENT LLC (684836),DESERTPEONY,4,7B,SAN SABA,Vertical,New Drill,N,600,,APPROVED
Submitted 01/12/2022 Approved 01/25/2022,876027,47731193,MAGNOLIA OIL & GAS OPERATING LLC (521544),KLONDIKE TRAIL, H 04KL,3,WASHINGTON,Horizontal,New Drill,N,14500,,APPROVED
Submitted 01/13/2022 Approved 01/25/2022,876070,47731192,MAGNOLIA OIL & GAS OPERATING LLC (521544),KLONDIKE RUSH, H 06KL,3,WASHINGTON,Horizontal,New Drill,N,14500,,APPROVED
Submitted 01/13/2022 Approved 01/26/2022,876084,5535167,TEXAS PETROLEUM INVESTMENT CO. (847710),"MERCER, ALF", 4H,1,CALDWELL,Horizontal,New Drill,N,2210,,APPROVED
Submitted 01/13/2022 Approved 01/26/2022,876095,47731194,MAGNOLIA OIL & GAS OPERATING LLC (521544),KLONDIKE MILL, H 08KL,3,WASHINGTON,Horizontal,New Drill,N,14500,,APPROVED
Submitted 01/18/2022 Approved 02/16/2022,875808,17734466,"EOG RESOURCES, INC. (253162)",LUMBERJACK A, 1H,1,GONZALES,Horizontal,New Drill,Y,12000,,APPROVED
Submitted 02/01/2022 Approved 02/08/2022,876652,5535170,TEXAS PETROLEUM INVESTMENT CO. (847710),"STAIR, O.F.", 5H,1,CALDWELL,Horizontal,New Drill,N,2175,,APPROVED
Submitted 01/25/2022 Approved 02/01/2022,876464,5535169,TEXAS PETROLEUM INVESTMENT CO. (847710),"MOORE, MAGGIE", 9H,1,CALDWELL,Horizontal,New Drill,N,2095,,APPROVED
Submitted 01/21/2022 Approved 01/31/2022,876342,18733471,TEXAS PETROLEUM INVESTMENT CO. (847710),"BAKER, A.J.", 11H,1,GUADALUPE,Horizontal,Recompletion,N,2300,,APPROVED
Submitted 01/21/2022 Approved 01/31/2022,876343,18733682,TEXAS PETROLEUM INVESTMENT CO. (847710),"KLEIN, M.T.", 1H,1,GUADALUPE,Horizontal,New Drill,N,2700,,APPROVED
Submitted 01/21/2022 Approved 01/26/2022,876332,17734467,MARATHON OIL EF LLC (525398),BARNHART (EF), 17H,1,GONZALES,Horizontal,New Drill,N,24000,,APPROVED
Submitted 01/21/2022 Approved 01/26/2022,876333,17734468,MARATHON OIL EF LLC (525398),BARNHART (EF), 58H,1,GONZALES,Horizontal,New Drill,N,26000,,APPROVED
Submitted 01/21/2022 Approved 01/27/2022,876334,17734469,MARATHON OIL EF LLC (525398),BARNHART (EF) 2H UNIT SA, 56H,1,GONZALES,Horizontal,New Drill,N,26000,,APPROVED
Submitted 01/21/2022 Approved 01/27/2022,876335,17734470,MARATHON OIL EF LLC (525398),BARNHART (EF) 2H UNIT, 57H,1,GONZALES,Horizontal,New Drill,N,24000,,APPROVED
Submitted 01/21/2022 Approved 01/27/2022,876336,17734471,MARATHON OIL EF LLC (525398),BARNHART (EF) 2H UNIT, 68H,1,GONZALES,Horizontal,New Drill,N,24000,,APPROVED
Submitted 01/21/2022 Approved 02/07/2022,876337,17734472,MARATHON OIL EF LLC (525398),BARNHART (EF) 2H UNIT-J UNIT SA, 69H,1,GONZALES,Horizontal,New Drill,N,26000,,APPROVED
Submitted 01/24/2022 Approved 02/08/2022,876402,18733694,TEXAS PETROLEUM INVESTMENT CO. (847710),"MCKEAN, A.J. & J.M.", 12H,1,GUADALUPE,Horizontal,New Drill,N,2085,,APPROVED
Submitted 01/24/2022 Approved 01/28/2022,876406,28732760,IRONROC ENERGY (426612),ANIMAL, 2H,3,LEE,Horizontal,New Drill,N,11500,,APPROVED
Submitted 01/24/2022 Approved 02/01/2022,876393,30731214,"FLINT ROCK RESOURCES MGMNT, INC. (273916)",APPLETON, 19B,7C,MCCULLOCH,Vertical,New Drill,N,1200,,APPROVED
Submitted 01/24/2022 Approved 02/16/2022,876401,5535168,TEXAS PETROLEUM INVESTMENT CO. (847710),MERCER 5H UNIT, 5H,1,CALDWELL,Horizontal,New Drill,N,2085,,APPROVED
Submitted 01/26/2022 Approved 02/07/2022,876489,18733693,TEXAS PETROLEUM INVESTMENT CO. (847710),"KNOBLOCH, C.", 8H,1,GUADALUPE,Horizontal,New Drill,N,2510,,APPROVED
Submitted 01/27/2022 Approved 02/28/2022,876545,33135113,ENERGY TRANSFER COMPANY (252017),LINE U RU 48, 1CP,1,MILAM,Vertical,New Drill,N,320,,APPROVED
Submitted 01/31/2022 Approved 02/03/2022,876620,33135114,"SELLERS LEASE SERVICE, INC. (766125)",GLEN LUMPKINS,5,1,MILAM,Vertical,New Drill,N,2450,,APPROVED
Submitted 02/15/2022 Approved 02/18/2022,877122,5134366,"HAWKWOOD ENERGY OPERATING, LLC (367676)",SPARROW, 1H,3,BURLESON,Horizontal,New Drill,N,9000,,APPROVED
Submitted 02/15/2022 Approved 02/18/2022,877127,5134367,"HAWKWOOD ENERGY OPERATING, LLC (367676)",SPARROW, 2H,3,BURLESON,Horizontal,New Drill,N,9000,,APPROVED
Submitted 02/02/2022 Approved 02/08/2022,876695,5134359,"HAWKWOOD ENERGY OPERATING, LLC (367676)",SLU, 1H,3,BURLESON,Horizontal,New Drill,N,9000,,APPROVED
Submitted 02/02/2022 Approved 02/08/2022,876698,5134360,"HAWKWOOD ENERGY OPERATING, LLC (367676)",SLU, 2H,3,BURLESON,Horizontal,New Drill,N,9000,,APPROVED
Submitted 02/02/2022 Approved 02/10/2022,876677,45330387,KINDER MORGAN TEXAS PIPELINE LLC (463345),HC-282.56,1,1,TRAVIS,Vertical,New Drill,N,600,,APPROVED
Submitted 02/03/2022 Approved 02/09/2022,876761,5134361,"HAWKWOOD ENERGY OPERATING, LLC (367676)",HADDOX, 1H,3,BURLESON,Horizontal,New Drill,N,9000,,APPROVED
Submitted 02/03/2022 Approved 02/17/2022,876762,5134362,"HAWKWOOD ENERGY OPERATING, LLC (367676)",HADDOX, 2H,3,BURLESON,Horizontal,New Drill,N,9000,,APPROVED
Submitted 02/08/2022 Approved 02/17/2022,876849,28732761,MAGNOLIA OIL & GAS OPERATING LLC (521544),BUCKY BADGER, H 02BB,3,LEE,Horizontal,New Drill,N,14500,,APPROVED
Submitted 02/08/2022 Approved 02/14/2022,876855,28732762,MAGNOLIA OIL & GAS OPERATING LLC (521544),BUCKY BADGER UW, H 04BB,3,LEE,Horizontal,New Drill,N,14500,,APPROVED
Submitted 02/07/2022 Approved 03/14/2022,876831,5134363,"CHESAPEAKE OPERATING, L.L.C. (147699)",JOHN GERDES HCX1, 1H,3,BURLESON,Horizontal,New Drill,N,9000,,APPROVED
Submitted 02/07/2022 Approved 02/11/2022,876832,5134364,"CHESAPEAKE OPERATING, L.L.C. (147699)",JOHN GERDES HCX2, 2H,3,BURLESON,Horizontal,New Drill,N,9000,,APPROVED
Submitted 02/07/2022 Approved 02/10/2022,876833,5134365,"CHESAPEAKE OPERATING, L.L.C. (147699)",JOHN GERDES, 3H,3,BURLESON,Horizontal,New Drill,N,9000,,APPROVED
Submitted 02/09/2022 Approved 03/14/2022,876931,17734474,"EOG RESOURCES, INC. (253162)",BAIRD HEIRS UNIT, 9H,1,GONZALES,Horizontal,New Drill,N,12200,,APPROVED
Submitted 02/09/2022 Approved 03/14/2022,876925,17734475,"EOG RESOURCES, INC. (253162)",BOYSEN UNIT, 13H,1,GONZALES,Horizontal,New Drill,N,12200,,APPROVED
Submitted 02/09/2022 Approved 02/16/2022,876928,17734476,"EOG RESOURCES, INC. (253162)",BAIRD HEIRS UNIT, 7H,1,GONZALES,Horizontal,New Drill,N,12200,,APPROVED
Submitted 02/09/2022 Approved 03/14/2022,876929,17734473,"EOG RESOURCES, INC. (253162)",BAIRD HEIRS UNIT, 8H,1,GONZALES,Horizontal,New Drill,N,12200,,APPROVED
Submitted 02/10/2022 Approved 02/16/2022,876964,45330388,KINDER MORGAN TEXAS PIPELINE LLC (463345),HC-284.19,1,1,TRAVIS,Vertical,New Drill,N,600,,APPROVED
Submitted 02/10/2022 Approved 02/14/2022,876996,33135115,"BETRO, INC. (068324)",PRATT,56,1,MILAM,Vertical,New Drill,N,1000,,APPROVED
Submitted 02/11/2022 Approved 03/21/2022,877013,18733696,TEXAS PETROLEUM INVESTMENT CO. (847710),DIX MCKEAN 8H UNIT, 8H,1,GUADALUPE,Horizontal,New Drill,N,2525,,APPROVED
Submitted 02/11/2022 Approved 02/16/2022,877019,18733695,TEXAS PETROLEUM INVESTMENT CO. (847710),KNOBLOCH A, 9H,1,GUADALUPE,Horizontal,New Drill,N,2500,,APPROVED
Submitted 02/11/2022 Approved 02/14/2022,877010,47731195,MAGNOLIA OIL & GAS OPERATING LLC (521544),DUTTON RANCH SWD,1,3,WASHINGTON,Vertical,New Drill,N,7500,,APPROVED
Submitted 02/11/2022 Approved 02/17/2022,877022,47731196,MAGNOLIA OIL & GAS OPERATING LLC (521544),SARATOGA D, 4H,3,WASHINGTON,Horizontal,New Drill,N,14500,,APPROVED
Submitted 02/16/2022 Approved 03/14/2022,877171,18733630,TEXAS PETROLEUM INVESTMENT CO. (847710),DIX MCKEAN B 7H, 7ST,1,GUADALUPE,Horizontal Sidetrack,Recompletion,N,2600,,APPROVED
Submitted 02/17/2022 Approved 02/23/2022,877210,18733697,TEXAS PETROLEUM INVESTMENT CO. (847710),KNOBLOCH B-, 6H,1,GUADALUPE,Horizontal,New Drill,N,2630,,APPROVED
Submitted 02/16/2022 Approved 02/25/2022,877190,47731199,"GEOSOUTHERN OPERATING II, LLC (301273)",BOEKER-UNION HILL AW-C, 3H,3,WASHINGTON,Horizontal,New Drill,N,14500,,APPROVED
Submitted 02/16/2022 Approved 03/01/2022,877176,47731198,"GEOSOUTHERN OPERATING II, LLC (301273)",BOEKER-UNION HILL AW-B, 2H,3,WASHINGTON,Horizontal,New Drill,N,14500,,APPROVED
Submitted 02/22/2022 Approved 02/25/2022,877321,49130493,WALKER OPERATING COMPANY (892024),POLDRACK,1,1,WILLIAMSON,Vertical,New Drill,N,1850,,APPROVED
Submitted 02/17/2022 Approved 03/30/2022,877243,33135116,GARRISON RESOURCE DEVELOPMNT LLC (295842),CUNNINGHAM,1,1,MILAM,Vertical,New Drill,N,1800,,APPROVED
Submitted 02/17/2022 Approved 03/30/2022,877244,33135117,GARRISON RESOURCE DEVELOPMNT LLC (295842),CUNNINGHAM,2,1,MILAM,Vertical,New Drill,N,1800,,APPROVED
Submitted 02/16/2022 Approved 03/01/2022,877170,47731197,"GEOSOUTHERN OPERATING II, LLC (301273)",BOEKER-UNION HILL AW-A, 1H,3,WASHINGTON,Horizontal,New Drill,N,14500,,APPROVED
Submitted 02/17/2022 Approved 02/24/2022,877212,18733698,TEXAS PETROLEUM INVESTMENT CO. (847710),ROBERTS, 1H,1,GUADALUPE,Horizontal,New Drill,N,2125,,APPROVED
Submitted 02/22/2022 Approved 02/28/2022,877322,49130494,WALKER OPERATING COMPANY (892024),POLDRACK,2,1,WILLIAMSON,Vertical,New Drill,N,1850,,APPROVED
Submitted 02/18/2022 Approved 02/25/2022,877255,17734477,"EOG RESOURCES, INC. (253162)",PARTON E, 5H,1,GONZALES,Horizontal,New Drill,N,11200,,APPROVED
Submitted 02/18/2022 Approved 02/25/2022,877257,17734478,"EOG RESOURCES, INC. (253162)",PARTON F, 6H,1,GONZALES,Horizontal,New Drill,N,11300,,APPROVED
Submitted 02/18/2022 Approved 02/25/2022,877258,17734479,"EOG RESOURCES, INC. (253162)",PARTON G, 7H,1,GONZALES,Horizontal,New Drill,N,11300,,APPROVED
Submitted 02/18/2022 Approved 02/25/2022,877260,17734480,"EOG RESOURCES, INC. (253162)",PARTON H, 8H,1,GONZALES,Horizontal,New Drill,N,11300,,APPROVED
Submitted 02/22/2022 Approved 03/03/2022,877309,17734481,"PENN VIRGINIA OIL & GAS, L.P. (651780)",HALITE A, 1H,1,GONZALES,Horizontal,New Drill,N,14500,,APPROVED
Submitted 02/22/2022 Approved 02/28/2022,877314,5134368,"HAWKWOOD ENERGY OPERATING, LLC (367676)",BLACK, 1H,3,BURLESON,Horizontal,New Drill,N,9000,,APPROVED
Submitted 02/22/2022 Approved 03/01/2022,877325,5134369,"HAWKWOOD ENERGY OPERATING, LLC (367676)",BLACK, 2H,3,BURLESON,Horizontal,New Drill,N,9000,,APPROVED
Submitted 02/22/2022 Approved 02/28/2022,877323,49130495,WALKER OPERATING COMPANY (892024),POLDRACK,3,1,WILLIAMSON,Vertical,New Drill,N,1850,,APPROVED
Submitted 02/24/2022 Approved 03/02/2022,877423,17734482,"PENN VIRGINIA OIL & GAS, L.P. (651780)",HALITE B, 2H,1,GONZALES,Horizontal,New Drill,N,14500,,APPROVED
Submitted 03/03/2022 Approved 03/07/2022,877694,33135118,WALKER OPERATING COMPANY (892024),BIAR,1,1,MILAM,Vertical,New Drill,N,1650,,APPROVED
Submitted 03/04/2022 Approved 03/08/2022,877170,47731197,"GEOSOUTHERN OPERATING II, LLC (301273)",BOEKER-UNION HILL AW-A, 1H,3,WASHINGTON,Horizontal,New Drill,Y,14500,,APPROVED
Submitted 03/04/2022 Approved 03/08/2022,877176,47731198,"GEOSOUTHERN OPERATING II, LLC (301273)",BOEKER-UNION HILL AW-B, 2H,3,WASHINGTON,Horizontal,New Drill,Y,14500,,APPROVED
Submitted 03/04/2022 Approved 03/08/2022,877190,47731199,"GEOSOUTHERN OPERATING II, LLC (301273)",BOEKER-UNION HILL AW-C, 3H,3,WASHINGTON,Horizontal,New Drill,Y,14500,,APPROVED
Submitted 03/14/2022 Approved 03/17/2022,878022,14933539,"FRAZIER EXPLORATION PARTNERS,LLC (284420)",VINKLAREK,2,3,FAYETTE,Directional,New Drill,N,5500,,APPROVED
Submitted 03/07/2022 Approved 03/15/2022,877783,14933537,MAGNOLIA OIL & GAS OPERATING LLC (521544),GLACIER GRIZZLY, H 02GL,3,FAYETTE,Horizontal,New Drill,N,14500,,APPROVED
Submitted 03/07/2022 Approved 03/17/2022,877788,14933538,MAGNOLIA OIL & GAS OPERATING LLC (521544),GLACIER ELK, H 01GL,3,FAYETTE,Horizontal,New Drill,N,14500,,APPROVED
Submitted 03/08/2022 Approved 03/11/2022,877831,18733699,BETA OIL CORPORATION (068314),BLACKBURN,1,1,GUADALUPE,Vertical,New Drill,N,2000,,APPROVED
Submitted 03/10/2022 Approved 03/15/2022,877940,5134280,"HAWKWOOD ENERGY OPERATING, LLC (367676)",DIAMOND HEAD, 1H,3,BURLESON,Horizontal,New Drill,N,9500,,APPROVED
Submitted 03/10/2022 Approved 03/15/2022,877941,5134279,"HAWKWOOD ENERGY OPERATING, LLC (367676)",DIAMOND HEAD, 2H,3,BURLESON,Horizontal,New Drill,N,9500,,APPROVED
Submitted 03/11/2022 Approved 03/22/2022,877974,17734483,"LP OPERATING, LLC (480178)",DEBERRY,1,1,GONZALES,Vertical,New Drill,N,7400,,APPROVED
Submitted 03/15/2022 Approved 03/17/2022,877190,47731199,"GEOSOUTHERN OPERATING II, LLC (301273)",BOEKER-UNION HILL AW-C, 3H,3,WASHINGTON,Horizontal,New Drill,Y,14500,,APPROVED
Submitted 03/15/2022 Approved 03/25/2022,878040,17734488,TEXAS GAS SERVICE COMPANY (845951),CATHODIC PROTECTION,2226,1,GONZALES,Vertical,New Drill,N,300,,APPROVED
Submitted 03/14/2022 Approved 03/30/2022,876849,28732761,MAGNOLIA OIL & GAS OPERATING LLC (521544),BUCKY BADGER, H 02BB,3,LEE,Horizontal,New Drill,Y,14500,,APPROVED
Submitted 03/14/2022 Approved 03/30/2022,876855,28732762,MAGNOLIA OIL & GAS OPERATING LLC (521544),BUCKY BADGER UW, H 04BB,3,LEE,Horizontal,New Drill,Y,14500,,APPROVED
Submitted 03/15/2022 Approved 03/17/2022,877170,47731197,"GEOSOUTHERN OPERATING II, LLC (301273)",BOEKER-UNION HILL AW-A, 1H,3,WASHINGTON,Horizontal,New Drill,Y,14500,,APPROVED
Submitted 03/15/2022 Approved 03/22/2022,878057,17734484,"EOG RESOURCES, INC. (253162)",LONGHORN A, 1H,1,GONZALES,Horizontal,New Drill,N,13100,,APPROVED
Submitted 03/15/2022 Approved 03/22/2022,878062,17734485,"EOG RESOURCES, INC. (253162)",LONGHORN B, 2H,1,GONZALES,Horizontal,New Drill,N,13100,,APPROVED
Submitted 03/15/2022 Approved 03/22/2022,878063,17734486,"EOG RESOURCES, INC. (253162)",LONGHORN C, 3H,1,GONZALES,Horizontal,New Drill,N,13100,,APPROVED
Submitted 03/15/2022 Approved 03/22/2022,878065,17734487,"EOG RESOURCES, INC. (253162)",LONGHORN D, 4H,1,GONZALES,Horizontal,New Drill,N,13100,,APPROVED
Submitted 03/16/2022 Approved 03/18/2022,876084,5535167,TEXAS PETROLEUM INVESTMENT CO. (847710),"MERCER, ALF", 4H,1,CALDWELL,Horizontal,New Drill,Y,2220,,APPROVED
Submitted 03/17/2022 Approved 03/22/2022,878149,5535171,"FORZA OPERATING, LLC (278837)",BLITCH,1,1,CALDWELL,Vertical,New Drill,N,2400,,APPROVED
Submitted 03/25/2022 Approved 04/11/2022,878453,47731201,MAGNOLIA OIL & GAS OPERATING LLC (521544),RIVERSIDE WALK, H 02ZN,3,WASHINGTON,Horizontal,New Drill,N,14500,,APPROVED
Submitted 03/24/2022 Approved 04/11/2022,878447,47731200,MAGNOLIA OIL & GAS OPERATING LLC (521544),ZION CANYON, H 04ZN,3,WASHINGTON,Horizontal,New Drill,N,14500,,APPROVED
Submitted 03/28/2022 Approved 04/19/2022,870163,14933523,"GEOSOUTHERN OPERATING II, LLC (301273)",ELLINGER UNIT, 1H,3,FAYETTE,Horizontal,New Drill,Y,14000,,APPROVED
Submitted 03/31/2022 Approved 04/05/2022,877788,14933538,MAGNOLIA OIL & GAS OPERATING LLC (521544),GLACIER ELK, H 01GL,3,FAYETTE,Horizontal,New Drill,Y,14500,,APPROVED
Submitted 04/04/2022 Approved 04/08/2022,878744,14933540,"EOG RESOURCES, INC. (253162)",GLADIATOR B UNIT, 2H,3,FAYETTE,Horizontal,New Drill,N,13500,,APPROVED
Submitted 04/06/2022 Approved 04/13/2022,878875,17734492,"LP OPERATING, LLC (480178)",WALLACE,1,1,GONZALES,Vertical,New Drill,N,7800,,APPROVED
Submitted 04/07/2022 Approved 04/14/2022,878915,17734489,"PENN VIRGINIA OIL & GAS, L.P. (651780)",AQUAMARINE E, 5H,1,GONZALES,Horizontal,New Drill,N,14500,,APPROVED
Submitted 04/07/2022 Approved 04/13/2022,878917,17734490,"PENN VIRGINIA OIL & GAS, L.P. (651780)",AQUAMARINE F, 6H,1,GONZALES,Horizontal,New Drill,N,14500,,APPROVED
Submitted 04/08/2022 Approved 04/14/2022,878966,17734491,BASTROP ENERGY GROUP (055118),GARNER,4,1,GONZALES,Vertical,New Drill,N,2300,,APPROVED
Submitted 04/12/2022 Approved 04/20/2022,879071,47731202,MAGNOLIA OIL & GAS OPERATING LLC (521544),ZION LODGE, H 01ZN,3,WASHINGTON,Horizontal,New Drill,N,14500,,APPROVED
Submitted 04/13/2022 Approved 04/21/2022,879086,47731203,MAGNOLIA OIL & GAS OPERATING LLC (521544),ZION RIVER, H 03ZN,3,WASHINGTON,Horizontal,New Drill,N,14500,,APPROVED
Submitted 04/13/2022 Approved 04/21/2022,879105,47731204,MAGNOLIA OIL & GAS OPERATING LLC (521544),ZION ANGELS, H 06ZN,3,WASHINGTON,Horizontal,New Drill,N,14500,,APPROVED
Submitted 04/14/2022 Approved 04/22/2022,879145,47731205,MAGNOLIA OIL & GAS OPERATING LLC (521544),ZION NARROWS, H 08ZN,3,WASHINGTON,Horizontal,New Drill,N,14500,,APPROVED
Submitted 04/14/2022 Approved 04/22/2022,879150,47731206,MAGNOLIA OIL & GAS OPERATING LLC (521544),ZION EMERALD, H 10ZN,3,WASHINGTON,Horizontal,New Drill,N,14500,,APPROVED
Submitted 04/15/2022 Approved 04/22/2022,879153,47731207,MAGNOLIA OIL & GAS OPERATING LLC (521544),ZION GROTTO, H 12ZN,3,WASHINGTON,Horizontal,New Drill,N,14500,,APPROVED
Submitted 05/12/2022 Approved 06/03/2022,880117,17734506,"MODERN EXPLORATION, INC. (573226)",HUSEMAN, 1H,1,GONZALES,Horizontal,New Drill,N,11000,,APPROVED
Submitted 04/20/2022 Approved 05/03/2022,879275,17734493,"PENN VIRGINIA OIL & GAS, L.P. (651780)",MUNSON RANCH, 24H,1,GONZALES,Horizontal,New Drill,N,14500,,APPROVED
Submitted 04/20/2022 Approved 04/25/2022,879276,17734494,"PENN VIRGINIA OIL & GAS, L.P. (651780)",OPAL, 1H,1,GONZALES,Horizontal,New Drill,N,14500,,APPROVED
Submitted 04/21/2022 Approved 04/27/2022,879329,14933541,MCA PETROLEUM CORPORATION (537160),ARNIM-WARREN UNIT,4,3,FAYETTE,Vertical,New Drill,N,1970,,APPROVED
Submitted 04/22/2022 Approved 04/28/2022,879380,17734495,"PENN VIRGINIA OIL & GAS, L.P. (651780)",TREMOLITE A, 1H,1,GONZALES,Horizontal,New Drill,N,14500,,APPROVED
Submitted 04/22/2022 Approved 04/28/2022,879382,17734496,"PENN VIRGINIA OIL & GAS, L.P. (651780)",TREMOLITE B, 2H,1,GONZALES,Horizontal,New Drill,N,14500,,APPROVED
Submitted 04/28/2022 Approved 06/06/2022,878453,47731201,MAGNOLIA OIL & GAS OPERATING LLC (521544),RIVERSIDE WALK, H 02ZN,3,WASHINGTON,Horizontal,New Drill,Y,14500,,APPROVED
Submitted 04/29/2022 Approved 05/04/2022,879619,17734497,"TIDAL PETROLEUM, INC. (859240)",RED CREST NORTH, 1H,1,GONZALES,Horizontal,New Drill,N,12000,,APPROVED
Submitted 04/29/2022 Approved 05/04/2022,879620,17734498,"TIDAL PETROLEUM, INC. (859240)",RED CREST SOUTH, 2H,1,GONZALES,Horizontal,New Drill,N,12000,,APPROVED
Submitted 04/29/2022 Approved 05/24/2022,879640,30731216,"FLINT ROCK RESOURCES MGMNT, INC. (273916)",APPLETON, 20B,7C,MCCULLOCH,Vertical,New Drill,N,1200,,APPROVED
Submitted 04/29/2022 Approved 05/24/2022,879642,30731217,"FLINT ROCK RESOURCES MGMNT, INC. (273916)",APPLETON, 21B,7C,MCCULLOCH,Vertical,New Drill,N,1200,,APPROVED
Submitted 04/28/2022 Approved 06/06/2022,878447,47731200,MAGNOLIA OIL & GAS OPERATING LLC (521544),ZION CANYON, H 04ZN,3,WASHINGTON,Horizontal,New Drill,Y,14500,,APPROVED
Submitted 05/02/2022 Approved 05/09/2022,877013,18733696,TEXAS PETROLEUM INVESTMENT CO. (847710),DIX MCKEAN 8H UNIT, 8H,1,GUADALUPE,Horizontal,New Drill,Y,2800,,APPROVED
Submitted 05/03/2022 Approved 05/06/2022,879735,47731208,IRONROC ENERGY (426612),SWEDISH CHEF, 5H,3,WASHINGTON,Horizontal,New Drill,N,11500,,APPROVED
Submitted 05/04/2022 Approved 05/10/2022,869409,17734397,"EOG RESOURCES, INC. (253162)",HULK A, 1H,1,GONZALES,Horizontal,New Drill,Y,13000,,APPROVED
Submitted 05/04/2022 Approved 05/12/2022,879762,47731209,"GEOSOUTHERN OPERATING II, LLC (301273)",BOEKER-UNION HILL AW-D, 4H,3,WASHINGTON,Horizontal,New Drill,N,14200,,APPROVED
Submitted 05/04/2022 Approved 05/10/2022,879793,47731210,"GEOSOUTHERN OPERATING II, LLC (301273)",LESSARD-JIMENEZ AW-A, 1H,3,WASHINGTON,Horizontal,New Drill,N,14200,,APPROVED
Submitted 05/04/2022 Approved 05/12/2022,879794,47731211,"GEOSOUTHERN OPERATING II, LLC (301273)",LESSARD-JIMENEZ AW-B, 2H,3,WASHINGTON,Horizontal,New Drill,N,14200,,APPROVED
Submitted 05/05/2022 Approved 05/09/2022,876489,18733693,TEXAS PETROLEUM INVESTMENT CO. (847710),"KNOBLOCH, C.", 8H,1,GUADALUPE,Horizontal,New Drill,Y,2510,,APPROVED
Submitted 05/05/2022 Approved 05/09/2022,875136,17734460,"PENN VIRGINIA OIL & GAS, L.P. (651780)",IVORY, 1H,1,GONZALES,Horizontal,New Drill,Y,14500,,APPROVED
Submitted 05/06/2022 Approved 05/12/2022,875137,17734461,"PENN VIRGINIA OIL & GAS, L.P. (651780)",EBONY, 1H,1,GONZALES,Horizontal,New Drill,Y,14500,,APPROVED
Submitted 05/10/2022 Approved 05/12/2022,879981,47731214,HYPERION OIL & GAS LLC (421498),CLAY CREEK WEST UNIT,256,3,WASHINGTON,Vertical,New Drill,N,2000,,APPROVED
Submitted 05/10/2022 Approved 05/12/2022,879982,47731215,HYPERION OIL & GAS LLC (421498),CLAY CREEK WEST UNIT,257,3,WASHINGTON,Vertical,New Drill,N,2000,,APPROVED
Submitted 05/10/2022 Approved 05/17/2022,869410,17734398,"EOG RESOURCES, INC. (253162)",HULK B, 2H,1,GONZALES,Horizontal,New Drill,Y,13000,,APPROVED
Submitted 05/10/2022 Approved 05/17/2022,869411,17734399,"EOG RESOURCES, INC. (253162)",HULK C, 3H,1,GONZALES,Horizontal,New Drill,Y,13000,,APPROVED
Submitted 05/10/2022 Approved 05/17/2022,869412,17734400,"EOG RESOURCES, INC. (253162)",HULK D, 4H,1,GONZALES,Horizontal,New Drill,Y,13000,,APPROVED
Submitted 05/10/2022 Approved 05/17/2022,869413,17734401,"EOG RESOURCES, INC. (253162)",HULK E, 5H,1,GONZALES,Horizontal,New Drill,Y,13000,,APPROVED
Submitted 05/10/2022 Approved 05/12/2022,879980,47731213,HYPERION OIL & GAS LLC (421498),CLAY CREEK WEST UNIT,255,3,WASHINGTON,Vertical,New Drill,N,2000,,APPROVED
Submitted 05/12/2022 Approved 05/18/2022,880070,17734499,"EOG RESOURCES, INC. (253162)",BOEDEKER LEASE, 20H,1,GONZALES,Horizontal,New Drill,N,13000,,APPROVED
Submitted 05/12/2022 Approved 05/18/2022,880073,17734504,"EOG RESOURCES, INC. (253162)",BOEDEKER LEASE, 21H,1,GONZALES,Horizontal,New Drill,N,13000,,APPROVED
Submitted 05/12/2022 Approved 05/18/2022,880076,17734505,"EOG RESOURCES, INC. (253162)",BOEDEKER LEASE, 22H,1,GONZALES,Horizontal,New Drill,N,13000,,APPROVED
Submitted 05/10/2022 Approved 05/17/2022,869414,17734402,"EOG RESOURCES, INC. (253162)",HULK F, 6H,1,GONZALES,Horizontal,New Drill,Y,13000,,APPROVED
Submitted 05/10/2022 Approved 05/12/2022,879979,47731212,HYPERION OIL & GAS LLC (421498),CLAY CREEK WEST UNIT,254,3,WASHINGTON,Vertical,New Drill,N,2000,,APPROVED
Submitted 05/10/2022 Approved 05/12/2022,879983,47731216,HYPERION OIL & GAS LLC (421498),CLAY CREEK WEST UNIT,258,3,WASHINGTON,Vertical,New Drill,N,2000,,APPROVED
Submitted 05/11/2022 Approved 05/12/2022,879998,47731217,HYPERION OIL & GAS LLC (421498),CLAY CREEK EAST UNIT,124,3,WASHINGTON,Vertical,New Drill,N,2000,,APPROVED
Submitted 05/11/2022 Approved 05/12/2022,879999,47731218,HYPERION OIL & GAS LLC (421498),CLAY CREEK EAST UNIT,125,3,WASHINGTON,Vertical,New Drill,N,2000,,APPROVED
Submitted 05/11/2022 Approved 05/12/2022,880000,47731219,HYPERION OIL & GAS LLC (421498),CLAY CREEK EAST UNIT,126,3,WASHINGTON,Vertical,New Drill,N,2000,,APPROVED
Submitted 05/11/2022 Approved 05/12/2022,880002,47731220,HYPERION OIL & GAS LLC (421498),CLAY CREEK EAST UNIT,622,3,WASHINGTON,Vertical,New Drill,N,2000,,APPROVED
Submitted 05/11/2022 Approved 05/12/2022,880003,47731221,HYPERION OIL & GAS LLC (421498),CLAY CREEK EAST UNIT,623,3,WASHINGTON,Vertical,New Drill,N,2000,,APPROVED
Submitted 05/11/2022 Approved 05/12/2022,880004,47731222,HYPERION OIL & GAS LLC (421498),CLAY CREEK EAST UNIT,625,3,WASHINGTON,Vertical,New Drill,N,2000,,APPROVED
Submitted 05/11/2022 Approved 05/18/2022,880036,17734500,MARATHON OIL EF LLC (525398),BILSKY-CHUMCHAL SA1, 1H,1,GONZALES,Horizontal,New Drill,N,24000,,APPROVED
Submitted 05/11/2022 Approved 05/18/2022,880037,17734501,MARATHON OIL EF LLC (525398),BILSKY-CHUMCHAL SA2, 2H,1,GONZALES,Horizontal,New Drill,N,24000,,APPROVED
Submitted 05/11/2022 Approved 06/03/2022,880038,17734502,MARATHON OIL EF LLC (525398),BILSKY-CHUMCHAL SA3, 3H,1,GONZALES,Horizontal,New Drill,N,24000,,APPROVED
Submitted 05/11/2022 Approved 05/19/2022,880039,17734503,MARATHON OIL EF LLC (525398),BILSKY-BILSKY-CHUMCHAL SA, 1H,1,GONZALES,Horizontal,New Drill,N,24000,,APPROVED
Submitted 05/11/2022 Approved 05/16/2022,880001,18733700,"PRODUCTION RESOURCES, INC. (680845)",HUEBINGER, E  3,1,GUADALUPE,Vertical,New Drill,N,2400,,APPROVED
Submitted 05/11/2022 Approved 05/12/2022,880005,47731223,HYPERION OIL & GAS LLC (421498),CLAY CREEK EAST UNIT,626,3,WASHINGTON,Vertical,New Drill,N,2000,,APPROVED
Submitted 05/11/2022 Approved 05/12/2022,880007,47731224,HYPERION OIL & GAS LLC (421498),CLAY CREEK EAST UNIT,627,3,WASHINGTON,Vertical,New Drill,N,2000,,APPROVED
Submitted 05/11/2022 Approved 05/12/2022,880008,47731225,HYPERION OIL & GAS LLC (421498),CLAY CREEK EAST UNIT,628,3,WASHINGTON,Vertical,New Drill,N,2000,,APPROVED
Submitted 05/16/2022 Approved 05/19/2022,880196,47731226,"GEOSOUTHERN OPERATING II, LLC (301273)",ODEN-BROLLIER UNIT, 1H,3,WASHINGTON,Horizontal,New Drill,N,14500,,APPROVED
Submitted 05/16/2022 Approved 05/27/2022,870032,47731165,"GEOSOUTHERN OPERATING II, LLC (301273)",WAULS LEGION, 1H,3,WASHINGTON,Horizontal,New Drill,Y,14500,,APPROVED
Submitted 05/19/2022 Approved 05/27/2022,880326,47731227,APACHE CORPORATION (027200),VALENTINE, B  1H,3,WASHINGTON,Horizontal,New Drill,N,12000,,APPROVED
Submitted 05/19/2022 Approved 05/27/2022,880327,47731228,APACHE CORPORATION (027200),VALENTINE, A  2H,3,WASHINGTON,Horizontal,New Drill,N,12000,,APPROVED
Submitted 05/19/2022 Approved 05/25/2022,880363,14933543,INEOS USA OIL & GAS LLC (424176),LAWLESS-AC-2, 1H,3,FAYETTE,Horizontal,New Drill,N,9950,,APPROVED
Submitted 05/26/2022 Approved 06/06/2022,880624,17734508,"PENN VIRGINIA OIL & GAS, L.P. (651780)",RUTILE A, 1H,1,GONZALES,Horizontal,New Drill,N,14500,,APPROVED
Submitted 05/26/2022 Approved 06/06/2022,880626,17734509,"PENN VIRGINIA OIL & GAS, L.P. (651780)",RUTILE B, 2H,1,GONZALES,Horizontal,New Drill,N,14500,,APPROVED
Submitted 06/01/2022 Approved 07/01/2022,880741,5134372,"CHESAPEAKE OPERATING, L.L.C. (147699)",COCHRAN, 1H,3,BURLESON,Horizontal,New Drill,N,9000,,APPROVED
Submitted 05/27/2022 Approved 05/27/2022,880684,17734507,"AUTERRA OPERATING, LLC (037775)",STOBAUGH-ROSSOW A, 1H,1,GONZALES,Horizontal,New Drill,N,8900,,APPROVED
Submitted 05/27/2022 Approved 06/06/2022,880685,17734510,"AUTERRA OPERATING, LLC (037775)",STOBAUGH-STOREY A, 1H,1,GONZALES,Horizontal,New Drill,N,8900,,APPROVED
Submitted 06/02/2022 Approved 06/15/2022,876761,5134361,WILDFIRE ENERGY OPERATING LLC (923444),HADDOX, 1H,3,BURLESON,Horizontal,New Drill,Y,9000,,APPROVED
Submitted 05/31/2022 Approved 06/07/2022,880715,28732763,MAGNOLIA OIL & GAS OPERATING LLC (521544),ZARAGOZA, H 06ZG,3,LEE,Horizontal,New Drill,N,14500,,APPROVED
Submitted 06/01/2022 Approved 06/07/2022,880720,14933544,IRONROC ENERGY (426612),PORTER MURPHY, 1H,3,FAYETTE,Horizontal,New Drill,N,11500,,APPROVED
Submitted 06/02/2022 Approved 06/14/2022,876695,5134359,WILDFIRE ENERGY OPERATING LLC (923444),SLU, 1H,3,BURLESON,Horizontal,New Drill,Y,9000,,APPROVED
Submitted 06/02/2022 Approved 06/09/2022,876698,5134360,WILDFIRE ENERGY OPERATING LLC (923444),SLU, 2H,3,BURLESON,Horizontal,New Drill,Y,9000,,APPROVED
Submitted 06/02/2022 Approved 06/08/2022,876762,5134362,WILDFIRE ENERGY OPERATING LLC (923444),HADDOX, 2H,3,BURLESON,Horizontal,New Drill,Y,9000,,APPROVED
Submitted 06/01/2022 Approved 07/28/2022,880740,5134370,"CHESAPEAKE OPERATING, L.L.C. (147699)",FLIPPIN 133 HCX3, 3H,3,BURLESON,Horizontal,New Drill,N,9000,,APPROVED
Submitted 06/01/2022 Approved 06/10/2022,880744,5134371,"CHESAPEAKE OPERATING, L.L.C. (147699)",FLIPPIN 133, 1H,3,BURLESON,Horizontal,New Drill,N,9000,,APPROVED
Submitted 06/02/2022 Approved 07/01/2022,880765,5134373,"CHESAPEAKE OPERATING, L.L.C. (147699)",COCHRAN HCX2, 2H,3,BURLESON,Horizontal,New Drill,N,9000,,APPROVED
Submitted 06/08/2022 Approved 06/16/2022,880991,17734512,"EOG RESOURCES, INC. (253162)",WILLIS UNIT, 12H,1,GONZALES,Horizontal,New Drill,N,13500,,APPROVED
Submitted 06/08/2022 Approved 06/16/2022,880989,17734511,"EOG RESOURCES, INC. (253162)",WILLIS UNIT, 101H,1,GONZALES,Horizontal,New Drill,N,13500,,APPROVED
Submitted 06/13/2022 Approved 06/17/2022,881107,17734513,"EOG RESOURCES, INC. (253162)",SOONER A, 1H,1,GONZALES,Horizontal,New Drill,N,13500,,APPROVED
Submitted 06/13/2022 Approved 06/17/2022,881108,17734514,"EOG RESOURCES, INC. (253162)",SOONER B, 2H,1,GONZALES,Horizontal,New Drill,N,13500,,APPROVED
Submitted 06/13/2022 Approved 06/17/2022,881112,17734515,"EOG RESOURCES, INC. (253162)",SOONER C, 3H,1,GONZALES,Horizontal,New Drill,N,13500,,APPROVED
Submitted 06/09/2022 Approved 07/18/2022,879276,17734494,"PENN VIRGINIA OIL & GAS, L.P. (651780)",OPAL, 1H,1,GONZALES,Horizontal,New Drill,Y,14500,,APPROVED
Submitted 06/14/2022 Approved 06/21/2022,881184,17734516,"PENN VIRGINIA OIL & GAS, L.P. (651780)",AZURITE A, 1H,1,GONZALES,Horizontal,New Drill,N,14500,,APPROVED
Submitted 06/14/2022 Approved 06/21/2022,881186,17734517,"PENN VIRGINIA OIL & GAS, L.P. (651780)",AZURITE B, 2H,1,GONZALES,Horizontal,New Drill,N,14500,,APPROVED
Submitted 06/22/2022 Approved 06/24/2022,881471,28732764,IRONROC ENERGY (426612),LONIE MAE, 2H,3,LEE,Horizontal,New Drill,N,11500,,APPROVED
Submitted 06/30/2022 Approved 07/01/2022,881730,14933545,INEOS USA OIL & GAS LLC (424176),ITALIAN STALLION-AC-1, 1H,3,FAYETTE,Horizontal,New Drill,N,11900,,APPROVED
Submitted 06/30/2022 Approved 07/01/2022,881731,14933546,INEOS USA OIL & GAS LLC (424176),ITALIAN STALLION-AC-2, 2H,3,FAYETTE,Horizontal,New Drill,N,11900,,APPROVED
Submitted 06/23/2022 Approved 06/23/2022,880989,17734511,"EOG RESOURCES, INC. (253162)",WILLIS UNIT, 101H,1,GONZALES,Horizontal,New Drill,Y,13500,,APPROVED
Submitted 07/05/2022 Approved 07/07/2022,881843,14933550,INEOS USA OIL & GAS LLC (424176),LAWLESS-AC-3, 2H,3,FAYETTE,Horizontal,New Drill,N,9950,,APPROVED
Submitted 06/24/2022 Approved 06/27/2022,881569,28732765,"RILEY PERMIAN OPERATING CO, LLC (712217)",BAMSCH TEINERT UNIT, 1H,3,LEE,Horizontal,New Drill,N,9800,,APPROVED
Submitted 06/28/2022 Approved 06/29/2022,881649,28732766,MAGNOLIA OIL & GAS OPERATING LLC (521544),DUNKIN UNIT, H 02OB,3,LEE,Horizontal,New Drill,N,14500,,APPROVED
Submitted 07/01/2022 Approved 07/05/2022,881798,14933547,MAGNOLIA OIL & GAS OPERATING LLC (521544),SPARKY, H 01SS,3,FAYETTE,Horizontal,New Drill,N,14500,,APPROVED
Submitted 06/30/2022 Approved 07/07/2022,881728,14933549,"DALLAS PETROLEUM GROUP, LLC (197688)",SAMPSON-MUELLER B, 5H,3,FAYETTE,Horizontal,New Drill,N,10800,,APPROVED
Submitted 07/01/2022 Approved 08/22/2022,880741,5134372,"CHESAPEAKE OPERATING, L.L.C. (147699)",COCHRAN, 1H,3,BURLESON,Horizontal,New Drill,Y,9000,,APPROVED
Submitted 07/01/2022 Approved 08/01/2022,880765,5134373,"CHESAPEAKE OPERATING, L.L.C. (147699)",COCHRAN HCX2, 2H,3,BURLESON,Horizontal,New Drill,Y,9000,,APPROVED
Submitted 07/01/2022 Approved 07/11/2022,881796,33135119,"ATMOS ENERGY,WEST TEXAS DIVISION (036603)",L14-1(2ND)-05,2,1,MILAM,Vertical,New Drill,N,450,,APPROVED
Submitted 07/01/2022 Approved 07/14/2022,881799,14933548,MAGNOLIA OIL & GAS OPERATING LLC (521544),SUNDEVIL, H 03SS,3,FAYETTE,Horizontal,New Drill,N,14500,,APPROVED
Submitted 07/02/2022 Approved 07/06/2022,881800,28732767,IRONROC ENERGY (426612),LONIE MAE, 3H,3,LEE,Horizontal,New Drill,N,11500,,APPROVED
Submitted 07/07/2022 Approved 07/15/2022,881905,5134374,"LRR PECOS VALLEY, LLC (511724)",SPACE COWBOYS, 1HA,3,BURLESON,Horizontal,New Drill,N,7000,,APPROVED
Submitted 07/11/2022 Approved 07/12/2022,878022,14933539,"FRAZIER EXPLORATION PARTNERS,LLC (284420)",VINKLAREK,2,3,FAYETTE,Directional,New Drill,Y,5500,,APPROVED
Submitted 07/09/2022 Approved 07/14/2022,881957,14933551,"GEOSOUTHERN OPERATING II, LLC (301273)",LAINA UNIT, 1H,3,FAYETTE,Horizontal,New Drill,N,14300,,APPROVED
Submitted 07/11/2022 Approved 07/20/2022,881995,47731229,MAGNOLIA OIL & GAS OPERATING LLC (521544),PANTHER GOLD, H 06RP,3,WASHINGTON,Horizontal,New Drill,N,14500,,APPROVED
Submitted 07/11/2022 Approved 07/20/2022,881998,47731230,MAGNOLIA OIL & GAS OPERATING LLC (521544),PANTHER BLUE, H 08RP,3,WASHINGTON,Horizontal,New Drill,N,14500,,APPROVED
Submitted 07/12/2022 Approved 07/13/2022,867854,17734376,"PENN VIRGINIA OIL & GAS, L.P. (651780)",RCRS-JANE, 5H,1,GONZALES,Horizontal,New Drill,Y,14500,,APPROVED
Submitted 07/12/2022 Approved 07/13/2022,867855,17734377,"PENN VIRGINIA OIL & GAS, L.P. (651780)",RCRS-JANE, 8H,1,GONZALES,Horizontal,New Drill,Y,14500,,APPROVED
Submitted 07/12/2022 Approved 07/14/2022,882004,17734518,"PENN VIRGINIA OIL & GAS, L.P. (651780)",FLANE, 1H,1,GONZALES,Horizontal,New Drill,N,14500,,APPROVED
Submitted 07/21/2022 Approved 08/02/2022,882299,17734519,MARATHON OIL EF LLC (525398),BARNHART GRAND F UNIT-E UNIT SA, 1H,1,GONZALES,Horizontal,New Drill,N,26000,,APPROVED
Submitted 07/21/2022 Approved 08/02/2022,882300,17734520,MARATHON OIL EF LLC (525398),BARNHART (EF) F UNIT, 3H,1,GONZALES,Horizontal,New Drill,N,26000,,APPROVED
Submitted 07/21/2022 Approved 08/02/2022,882301,17734521,MARATHON OIL EF LLC (525398),BARNHART (EF) F UNIT, 4H,1,GONZALES,Horizontal,New Drill,N,26000,,APPROVED
Submitted 07/21/2022 Approved 07/29/2022,882302,17734522,MARATHON OIL EF LLC (525398),BARNHART (EF) F UNIT-A UNIT SA, 1H,1,GONZALES,Horizontal,New Drill,N,26000,,APPROVED
Submitted 07/26/2022 Approved 08/02/2022,882429,14933552,"PENN VIRGINIA OIL & GAS, L.P. (651780)",RICARTORN A, 1H,3,FAYETTE,Horizontal,New Drill,N,14500,,APPROVED
Submitted 07/26/2022 Approved 08/02/2022,882430,14933553,"PENN VIRGINIA OIL & GAS, L.P. (651780)",RICARTORN B, 2H,3,FAYETTE,Horizontal,New Drill,N,14500,,APPROVED
Submitted 07/26/2022 Approved 08/02/2022,882432,14933554,"PENN VIRGINIA OIL & GAS, L.P. (651780)",RICARTORN C, 3H,3,FAYETTE,Horizontal,New Drill,N,14500,,APPROVED
Submitted 07/26/2022 Approved 08/09/2022,882433,14933555,"PENN VIRGINIA OIL & GAS, L.P. (651780)",RICARTORN D, 4H,3,FAYETTE,Horizontal,New Drill,N,14500,,APPROVED
Submitted 07/21/2022 Approved 07/21/2022,882304,32731253,HARVEST PETROLEUM INC. (363117),RUSSELL,78,7C,MENARD,Vertical,New Drill,N,4000,,APPROVED
Submitted 07/25/2022 Approved 07/29/2022,882392,28732768,IRONROC ENERGY (426612),ELECTRIC MAYHEM, 1H,3,LEE,Horizontal,New Drill,N,11500,,APPROVED
Submitted 07/27/2022 Approved 08/02/2022,882520,14933556,"GEOSOUTHERN OPERATING II, LLC (301273)",DUTYS CREEK UNIT, 1H,3,FAYETTE,Horizontal,New Drill,N,14300,,APPROVED
Submitted 08/15/2022 Approved 08/29/2022,883018,5134375,"LRR PECOS VALLEY, LLC (511724)",BRONCO BILLY, 1HE,3,BURLESON,Horizontal,New Drill,N,7000,,APPROVED
Submitted 07/27/2022 Approved 07/28/2022,877314,5134368,WILDFIRE ENERGY OPERATING LLC (923444),BLACK, 1H,3,BURLESON,Horizontal,New Drill,Y,9000,,APPROVED
Submitted 07/27/2022 Approved 07/28/2022,877325,5134369,WILDFIRE ENERGY OPERATING LLC (923444),BLACK, 2H,3,BURLESON,Horizontal,New Drill,Y,9000,,APPROVED
Submitted 07/28/2022 Approved 07/29/2022,877122,5134366,WILDFIRE ENERGY OPERATING LLC (923444),SPARROW, 1H,3,BURLESON,Horizontal,New Drill,Y,9000,,APPROVED
Submitted 07/28/2022 Approved 07/29/2022,877127,5134367,WILDFIRE ENERGY OPERATING LLC (923444),SPARROW, 2H,3,BURLESON,Horizontal,New Drill,Y,9000,,APPROVED
Submitted 08/03/2022 Approved 08/30/2022,882717,47731118,"GEOSOUTHERN OPERATING II, LLC (301273)",HIELSCHER, 2H,3,WASHINGTON,Horizontal,Recompletion,N,14500,,APPROVED
Submitted 08/02/2022 Approved 09/06/2022,877940,5134280,WILDFIRE ENERGY OPERATING LLC (923444),DIAMOND HEAD, 1H,3,BURLESON,Horizontal,New Drill,Y,9500,,APPROVED
Submitted 08/02/2022 Approved 08/16/2022,877941,5134279,WILDFIRE ENERGY OPERATING LLC (923444),DIAMOND HEAD, 2H,3,BURLESON,Horizontal,New Drill,Y,9500,,APPROVED
Submitted 08/03/2022 Approved 08/04/2022,882768,14933557,"DALLAS PETROLEUM GROUP, LLC (197688)",CINCINNATUS, 2H,3,FAYETTE,Horizontal,New Drill,N,10800,,APPROVED
Submitted 08/04/2022 Approved 08/04/2022,880626,17734509,"PENN VIRGINIA OIL & GAS, L.P. (651780)",RUTILE B, 2H,1,GONZALES,Horizontal,New Drill,Y,14500,,APPROVED
Submitted 08/09/2022 Approved 08/15/2022,881730,14933545,INEOS USA OIL & GAS LLC (424176),ITALIAN STALLION-AC-1, 1H,3,FAYETTE,Horizontal,New Drill,Y,11900,,APPROVED
Submitted 08/09/2022 Approved 08/15/2022,881731,14933546,INEOS USA OIL & GAS LLC (424176),ITALIAN STALLION-AC-2, 2H,3,FAYETTE,Horizontal,New Drill,Y,11900,,APPROVED
Submitted 08/11/2022 Approved 08/17/2022,882943,17734523,"EOG RESOURCES, INC. (253162)",ARCHES E, 5H,1,GONZALES,Horizontal,New Drill,N,12500,,APPROVED
Submitted 08/11/2022 Approved 08/17/2022,882944,17734524,"EOG RESOURCES, INC. (253162)",ARCHES F, 6H,1,GONZALES,Horizontal,New Drill,N,12500,,APPROVED
Submitted 08/11/2022 Approved 08/17/2022,882945,17734525,"EOG RESOURCES, INC. (253162)",ARCHES G, 7H,1,GONZALES,Horizontal,New Drill,N,12500,,APPROVED
Submitted 08/11/2022 Approved 08/17/2022,882946,17734526,"EOG RESOURCES, INC. (253162)",ARCHES H, 8H,1,GONZALES,Horizontal,New Drill,N,12500,,APPROVED
Submitted 08/12/2022 Approved 08/16/2022,882998,17734527,MILLENNIUM EXPLORATION CO. LLC (567496),COL. MOORE, 1H,1,GONZALES,Horizontal,New Drill,N,8910,,APPROVED
Submitted 08/18/2022 Approved 08/22/2022,881798,14933547,MAGNOLIA OIL & GAS OPERATING LLC (521544),SPARKY, H 01SS,3,FAYETTE,Horizontal,New Drill,Y,14500,,APPROVED
Submitted 08/23/2022 Approved 09/06/2022,880363,14933543,INEOS USA OIL & GAS LLC (424176),LAWLESS-AC-2, 1H,3,FAYETTE,Horizontal,New Drill,Y,9950,,APPROVED
Submitted 08/19/2022 Approved 08/30/2022,883223,47731231,MAGNOLIA OIL & GAS OPERATING LLC (521544),VOYAGEURS PINE, H 01VG,3,WASHINGTON,Horizontal,New Drill,N,14500,,APPROVED
Submitted 08/20/2022 Approved 08/24/2022,880039,17734503,MARATHON OIL EF LLC (525398),BILSKY-BILSKY-CHUMCHAL SA, 1H,1,GONZALES,Horizontal,New Drill,Y,24000,,APPROVED
Submitted 08/22/2022 Approved 09/02/2022,883237,47731232,MAGNOLIA OIL & GAS OPERATING LLC (521544),VOYAGEURS ELM, H 02VG,3,WASHINGTON,Horizontal,New Drill,N,14500,,APPROVED
Submitted 08/22/2022 Approved 09/02/2022,883239,47731233,MAGNOLIA OIL & GAS OPERATING LLC (521544),VOYAGEURS OAK, H 03VG,3,WASHINGTON,Horizontal,New Drill,N,14500,,APPROVED
Submitted 08/22/2022 Approved 09/02/2022,883247,47731234,MAGNOLIA OIL & GAS OPERATING LLC (521544),VOYAGEURS FIR, H 05VG,3,WASHINGTON,Horizontal,New Drill,N,14500,,APPROVED
Submitted 08/23/2022 Approved 08/31/2022,883310,47731241,VERDUN OIL & GAS LLC (884566),YPRES UNIT, 1H,3,WASHINGTON,Horizontal,New Drill,N,14000,,APPROVED
Submitted 08/23/2022 Approved 08/31/2022,883312,47731240,VERDUN OIL & GAS LLC (884566),JUTLAND UNIT, 1H,3,WASHINGTON,Horizontal,New Drill,N,14000,,APPROVED
Submitted 08/25/2022 Approved 08/30/2022,883425,47731237,"GEOSOUTHERN OPERATING II, LLC (301273)",HIELSCHER, 5H,3,WASHINGTON,Horizontal,New Drill,N,14600,,APPROVED
Submitted 08/25/2022 Approved 09/02/2022,883426,47731238,"GEOSOUTHERN OPERATING II, LLC (301273)",HIELSCHER, 6H,3,WASHINGTON,Horizontal,New Drill,N,14600,,APPROVED
Submitted 08/25/2022 Approved 08/30/2022,883429,47731239,"GEOSOUTHERN OPERATING II, LLC (301273)",HIELSCHER, 7H,3,WASHINGTON,Horizontal,New Drill,N,14600,,APPROVED
Submitted 08/23/2022 Approved 09/09/2022,883304,47731235,"GEOSOUTHERN OPERATING II, LLC (301273)",HIELSCHER, 3H,3,WASHINGTON,Horizontal,New Drill,N,14600,,APPROVED
Submitted 09/18/2022 Approved 09/28/2022,884061,5134376,"LRR PECOS VALLEY, LLC (511724)",PLAINS DRIFTER, 1HE,3,BURLESON,Horizontal,New Drill,N,7000,,APPROVED
Submitted 08/23/2022 Approved 09/02/2022,883305,47731236,"GEOSOUTHERN OPERATING II, LLC (301273)",HIELSCHER, 4H,3,WASHINGTON,Horizontal,New Drill,N,14600,,APPROVED
Submitted 08/30/2022 Approved 09/02/2022,883549,28730817,BOSCO PETROLEUM LLC (083266),"BROWN, PEGGY L.",1,3,LEE,Vertical,Reenter,N,3627,,APPROVED
Submitted 08/30/2022 Approved 09/02/2022,883518,33135120,"BETRO, INC. (068324)",PRATT,57,1,MILAM,Vertical,New Drill,N,1000,,APPROVED
Submitted 09/07/2022 Approved 09/20/2022,883706,33135121,"LRR PECOS VALLEY, LLC (511724)",JOSEY WALES, 1HA,1,MILAM,Horizontal,New Drill,N,6500,,APPROVED
Submitted 09/09/2022 Approved 09/19/2022,881569,28732765,"RILEY PERMIAN OPERATING CO, LLC (712217)",BAMSCH TEINERT UNIT, 1H,3,LEE,Horizontal,New Drill,Y,9800,,APPROVED
Submitted 09/06/2022 Approved 09/15/2022,883675,14933560,MAGNOLIA OIL & GAS OPERATING LLC (521544),QUEENS, H 01QG,3,FAYETTE,Horizontal,New Drill,N,14500,,APPROVED
Submitted 09/02/2022 Approved 09/08/2022,883646,14933558,"DALLAS PETROLEUM GROUP, LLC (197688)",KERMIT A, 1H,3,FAYETTE,Horizontal,New Drill,N,10800,,APPROVED
Submitted 09/06/2022 Approved 09/13/2022,883686,2131645,"BAKER OIL, INC (046615)",M.E. BRYANT,2,1,BASTROP,Vertical,New Drill,N,5000,,APPROVED
Submitted 09/06/2022 Approved 09/07/2022,883692,28732769,IRONROC ENERGY (426612),ELECTRIC MAYHEM, 2H,3,LEE,Horizontal,New Drill,N,11500,,APPROVED
Submitted 09/07/2022 Approved 09/15/2022,883758,5535173,"CALISTOGA ENERGY RESERVES, LLC (123871)",CABE, 1MT,1,CALDWELL,Vertical,New Drill,N,3000,,APPROVED
Submitted 09/07/2022 Approved 09/19/2022,883750,14933562,MAGNOLIA OIL & GAS OPERATING LLC (521544),GAMBIT MATE, H 04QG,3,FAYETTE,Horizontal,New Drill,N,14500,,APPROVED
Submitted 09/08/2022 Approved 09/19/2022,883818,14933561,MAGNOLIA OIL & GAS OPERATING LLC (521544),GAMBIT CHECK, H 02QG,3,FAYETTE,Horizontal,New Drill,N,14500,,APPROVED
Submitted 09/09/2022 Approved 09/12/2022,883836,14933559,"DALLAS PETROLEUM GROUP, LLC (197688)",PANDORA UNIT, 2H,3,FAYETTE,Horizontal,New Drill,N,10800,,APPROVED
Submitted 09/13/2022 Approved 09/20/2022,877423,17734482,"PENN VIRGINIA OIL & GAS, L.P. (651780)",HALITE B, 2H,1,GONZALES,Horizontal,New Drill,Y,14500,,APPROVED
Submitted 09/29/2022 Approved 10/11/2022,884468,5134377,"LRR PECOS VALLEY, LLC (511724)",DIRTY HARRY, 1HA,3,BURLESON,Horizontal,New Drill,N,7000,,APPROVED
Submitted 09/13/2022 Approved 09/16/2022,883950,17734528,"LP OPERATING, LLC (480178)",CITY OF GONZALES,1,1,GONZALES,Vertical,New Drill,N,7600,,APPROVED
Submitted 09/15/2022 Approved 09/22/2022,884023,17734529,"PENN VIRGINIA OIL & GAS, L.P. (651780)",BONGO NORTH UNIT, 3H,1,GONZALES,Horizontal,New Drill,N,14500,,APPROVED
Submitted 09/15/2022 Approved 09/22/2022,884024,17734530,"PENN VIRGINIA OIL & GAS, L.P. (651780)",CERES A, 1H,1,GONZALES,Horizontal,New Drill,N,14500,,APPROVED
Submitted 09/15/2022 Approved 09/22/2022,884025,17734531,"PENN VIRGINIA OIL & GAS, L.P. (651780)",CERES B, 2H,1,GONZALES,Horizontal,New Drill,N,14500,,APPROVED
Submitted 09/20/2022 Approved 09/22/2022,880363,14933543,INEOS USA OIL & GAS LLC (424176),LAWLESS-AC-2, 1H,3,FAYETTE,Horizontal,New Drill,Y,9950,,APPROVED
Submitted 09/20/2022 Approved 09/22/2022,881843,14933550,INEOS USA OIL & GAS LLC (424176),LAWLESS-AC-3, 2H,3,FAYETTE,Horizontal,New Drill,Y,9950,,APPROVED
Submitted 09/20/2022 Approved 09/22/2022,881730,14933545,INEOS USA OIL & GAS LLC (424176),ITALIAN STALLION-AC-1, 1H,3,FAYETTE,Horizontal,New Drill,Y,11900,,APPROVED
Submitted 09/20/2022 Approved 09/22/2022,881731,14933546,INEOS USA OIL & GAS LLC (424176),ITALIAN STALLION-AC-2, 2H,3,FAYETTE,Horizontal,New Drill,Y,11900,,APPROVED
Submitted 09/20/2022 Approved 09/25/2022,883836,14933559,"DALLAS PETROLEUM GROUP, LLC (197688)",KERMIT B, 2H,3,FAYETTE,Horizontal,New Drill,Y,10800,,APPROVED
Submitted 09/20/2022 Approved 09/27/2022,874700,17734454,MILLENNIUM EXPLORATION CO. LLC (567496),LEWIS & CLARK 'N', 2H,1,GONZALES,Horizontal,New Drill,Y,7500,,APPROVED
Submitted 09/22/2022 Approved 11/04/2022,871952,17734417,"WARWICK-ARTEMIS, LLC (899023)",WARD NORTH B, 2LH,1,GONZALES,Horizontal,New Drill,Y,9700,,APPROVED
Submitted 09/22/2022 Approved 10/26/2022,884197,17734532,"EOG RESOURCES, INC. (253162)",YELLOWJACKET D, 4H,1,GONZALES,Horizontal,New Drill,N,13000,,APPROVED
Submitted 10/16/2022 Approved 10/27/2022,884946,33135124,"LRR PECOS VALLEY, LLC (511724)",LIGHTFOOT, 1HE,1,MILAM,Horizontal,New Drill,N,7000,,APPROVED
Submitted 09/23/2022 Approved 09/29/2022,881107,17734513,"EOG RESOURCES, INC. (253162)",SOONER A, 1H,1,GONZALES,Horizontal,New Drill,Y,13500,,APPROVED
Submitted 09/27/2022 Approved 09/28/2022,884320,33135122,"BETRO, INC. (068324)",PRATT,58,1,MILAM,Vertical,New Drill,N,1000,,APPROVED
Submitted 09/28/2022 Approved 09/29/2022,884376,17734533,"EOG RESOURCES, INC. (253162)",GRAND CANYON A, 1H,1,GONZALES,Horizontal,New Drill,N,13000,,APPROVED
Submitted 09/28/2022 Approved 09/29/2022,884377,17734534,"EOG RESOURCES, INC. (253162)",GRAND CANYON B, 2H,1,GONZALES,Horizontal,New Drill,N,13000,,APPROVED
Submitted 09/28/2022 Approved 09/29/2022,884379,17734535,"EOG RESOURCES, INC. (253162)",GRAND CANYON C, 3H,1,GONZALES,Horizontal,New Drill,N,13000,,APPROVED
Submitted 09/28/2022 Approved 09/29/2022,884381,17734536,"EOG RESOURCES, INC. (253162)",GRAND CANYON D, 4H,1,GONZALES,Horizontal,New Drill,N,13000,,APPROVED
Submitted 09/28/2022 Approved 09/29/2022,884382,17734537,"EOG RESOURCES, INC. (253162)",GRAND CANYON E, 5H,1,GONZALES,Horizontal,New Drill,N,13000,,APPROVED
Submitted 09/28/2022 Approved 09/29/2022,884388,17734538,"EOG RESOURCES, INC. (253162)",GRAND CANYON F, 6H,1,GONZALES,Horizontal,New Drill,N,13000,,APPROVED
Submitted 09/28/2022 Approved 09/29/2022,884390,17734539,"EOG RESOURCES, INC. (253162)",GRAND CANYON G, 7H,1,GONZALES,Horizontal,New Drill,N,13000,,APPROVED
Submitted 09/28/2022 Approved 10/05/2022,884417,17734540,"PENN VIRGINIA OIL & GAS, L.P. (651780)",TETHYS A, 1H,1,GONZALES,Horizontal,New Drill,N,14500,,APPROVED
Submitted 09/28/2022 Approved 10/05/2022,884418,17734541,"PENN VIRGINIA OIL & GAS, L.P. (651780)",TETHYS B, 2H,1,GONZALES,Horizontal,New Drill,N,14500,,APPROVED
Submitted 09/28/2022 Approved 10/11/2022,884420,17734542,"PENN VIRGINIA OIL & GAS, L.P. (651780)",TETHYS C, 3H,1,GONZALES,Horizontal,New Drill,N,14500,,APPROVED
Submitted 10/04/2022 Approved 10/14/2022,881649,28732766,MAGNOLIA OIL & GAS OPERATING LLC (521544),DUNKIN UNIT, H 02OB,3,LEE,Horizontal,New Drill,Y,14500,,APPROVED
Submitted 10/05/2022 Approved 10/12/2022,884643,17734543,"EOG RESOURCES, INC. (253162)",YELLOWJACKET A, 1H,1,GONZALES,Horizontal,New Drill,N,13000,,APPROVED
Submitted 10/05/2022 Approved 10/12/2022,884644,17734544,"EOG RESOURCES, INC. (253162)",YELLOWJACKET B, 2H,1,GONZALES,Horizontal,New Drill,N,13000,,APPROVED
Submitted 10/05/2022 Approved 10/12/2022,884646,17734545,"EOG RESOURCES, INC. (253162)",YELLOWJACKET C, 3H,1,GONZALES,Horizontal,New Drill,N,13000,,APPROVED
Submitted 10/06/2022 Approved 10/14/2022,881471,28732764,IRONROC ENERGY (426612),LONIE MAE A, 2H,3,LEE,Horizontal,New Drill,Y,11500,,APPROVED
Submitted 10/10/2022 Approved 10/19/2022,884748,17734550,VERDUN OIL & GAS LLC (884566),ADELE DUBOSE UNIT A,100,1,GONZALES,Horizontal,New Drill,N,12000,,APPROVED
Submitted 10/07/2022 Approved 10/17/2022,884724,33135123,"TIDAL PETROLEUM, INC. (859240)",DAYTONA, 1H,1,MILAM,Horizontal,New Drill,N,6200,,APPROVED
Submitted 10/10/2022 Approved 10/20/2022,884749,17734551,VERDUN OIL & GAS LLC (884566),ADELE DUBOSE UNIT A,101,1,GONZALES,Horizontal,New Drill,N,12000,,APPROVED
Submitted 10/10/2022 Approved 10/21/2022,884752,17734549,VERDUN OIL & GAS LLC (884566),ADELE DUBOSE ALLOC,102,1,GONZALES,Horizontal,New Drill,N,12000,,APPROVED
Submitted 10/10/2022 Approved 10/18/2022,884747,17734548,VERDUN OIL & GAS LLC (884566),ADELE DUBOSE,103,1,GONZALES,Horizontal,New Drill,N,12000,,APPROVED
Submitted 10/10/2022 Approved 10/18/2022,884744,17734546,"AUTERRA OPERATING, LLC (037775)",STOREY-RICOCHET A, 1H,1,GONZALES,Horizontal,New Drill,N,9000,,APPROVED
Submitted 10/10/2022 Approved 10/19/2022,884754,17734547,"AUTERRA OPERATING, LLC (037775)",STOREY-RICOCHET B, 2H,1,GONZALES,Horizontal,New Drill,N,9000,,APPROVED
Submitted 10/12/2022 Approved 11/17/2022,876761,5134361,WILDFIRE ENERGY OPERATING LLC (923444),HADDOX, 1H,3,BURLESON,Horizontal,New Drill,Y,9000,,APPROVED
Submitted 10/17/2022 Approved 10/27/2022,884960,33135125,"LRR PECOS VALLEY, LLC (511724)",THUNDERBOLT, 1HA,1,MILAM,Horizontal,New Drill,N,7000,,APPROVED
Submitted 10/17/2022 Approved 11/18/2022,881649,28732766,MAGNOLIA OIL & GAS OPERATING LLC (521544),DUNKIN UNIT, H 02OB,3,LEE,Horizontal,New Drill,Y,14500,,APPROVED
Submitted 10/18/2022 Approved 10/27/2022,885005,5134378,"LRR PECOS VALLEY, LLC (511724)",MAGNUM FORCE, 1HA,3,BURLESON,Horizontal,New Drill,N,7000,,APPROVED
Submitted 10/18/2022 Approved 10/27/2022,885022,32731254,SHA-JAM OPERATING CORP. (767967),SANTA CRUZ RANCH,1,7C,MENARD,Vertical,New Drill,N,900,,APPROVED
Submitted 10/19/2022 Approved 10/24/2022,885033,5134379,ATLAS OPERATING LLC (036587),ROBERT GREEN,1,3,BURLESON,Vertical,New Drill,N,7500,,APPROVED
Submitted 10/21/2022 Approved 10/26/2022,882429,14933552,"PENN VIRGINIA OIL & GAS, L.P. (651780)",RICARTORN A, 1H,3,FAYETTE,Horizontal,New Drill,Y,14500,,APPROVED
Submitted 10/21/2022 Approved 10/26/2022,882430,14933553,"PENN VIRGINIA OIL & GAS, L.P. (651780)",RICARTORN B, 2H,3,FAYETTE,Horizontal,New Drill,Y,14500,,APPROVED
Submitted 10/21/2022 Approved 11/02/2022,885103,47731244,MAGNOLIA OIL & GAS OPERATING LLC (521544),RIDGE FOX, H 02BR,3,WASHINGTON,Horizontal,New Drill,N,14500,,APPROVED
Submitted 10/25/2022 Approved 11/02/2022,885201,47731243,MAGNOLIA OIL & GAS OPERATING LLC (521544),RIDGE OAK, H 04BR,3,WASHINGTON,Horizontal,New Drill,N,14500,,APPROVED
Submitted 10/21/2022 Approved 11/02/2022,885134,47731242,MAGNOLIA OIL & GAS OPERATING LLC (521544),RIDGE SIXERS, H 06BR,3,WASHINGTON,Horizontal,New Drill,N,14500,,APPROVED
Submitted 10/23/2022 Approved 10/28/2022,885137,14933533,RAMTEX ENERGY LLC (690225),CREED 1, 1H,3,FAYETTE,Horizontal,Reclass,N,14000,,APPROVED
Submitted 10/23/2022 Approved 11/15/2022,885138,14933534,RAMTEX ENERGY LLC (690225),CREED 5, 5H,3,FAYETTE,Horizontal,Reclass,N,14000,,APPROVED
Submitted 10/26/2022 Approved 11/03/2022,885260,18733536,TEXAS PETROLEUM INVESTMENT CO. (847710),"ANDERSON, C. 2-H", 2H,1,GUADALUPE,Horizontal Sidetrack,Recompletion,N,2700,,APPROVED
Submitted 11/02/2022 Approved 11/16/2022,885455,17734552,"EOG RESOURCES, INC. (253162)",LASSEN A, 1H,1,GONZALES,Horizontal,New Drill,N,11000,,APPROVED
Submitted 11/02/2022 Approved 11/16/2022,885460,17734557,"EOG RESOURCES, INC. (253162)",DEMPSEY UNIT, 3H,1,GONZALES,Horizontal,New Drill,N,11000,,APPROVED
Submitted 11/02/2022 Approved 11/16/2022,885465,17734553,"EOG RESOURCES, INC. (253162)",HINTON UNIT, 6H,1,GONZALES,Horizontal,New Drill,N,11000,,APPROVED
Submitted 11/02/2022 Approved 11/16/2022,885466,17734554,"EOG RESOURCES, INC. (253162)",HINTON UNIT, 7H,1,GONZALES,Horizontal,New Drill,N,11000,,APPROVED
Submitted 11/02/2022 Approved 11/16/2022,885467,17734555,"EOG RESOURCES, INC. (253162)",HINTON UNIT, 8H,1,GONZALES,Horizontal,New Drill,N,11000,,APPROVED
Submitted 11/02/2022 Approved 11/16/2022,885468,17734556,"EOG RESOURCES, INC. (253162)",HINTON UNIT, 9H,1,GONZALES,Horizontal,New Drill,N,11000,,APPROVED
Submitted 11/01/2022 Approved 11/08/2022,885411,5534817,TEXAS PETROLEUM INVESTMENT CO. (847710),"MOORE, MAGGIE", 8H,1,CALDWELL,Horizontal Sidetrack,Recompletion,N,2300,,APPROVED
Submitted 11/15/2022 Approved 11/28/2022,885760,17734558,"TIDAL PETROLEUM, INC. (859240)",RED CREST 3H, 3H,1,GONZALES,Horizontal,New Drill,N,12000,,APPROVED
Submitted 11/02/2022 Approved 11/15/2022,884197,17734532,"EOG RESOURCES, INC. (253162)",YELLOWJACKET D, 4H,1,GONZALES,Horizontal,New Drill,Y,13000,,APPROVED
Submitted 11/15/2022 Approved 11/28/2022,885774,17734559,"TIDAL PETROLEUM, INC. (859240)",RED CREST 4H, 4H,1,GONZALES,Horizontal,New Drill,N,12000,,APPROVED
Submitted 11/03/2022 Approved 11/16/2022,885527,47731246,"GEOSOUTHERN OPERATING II, LLC (301273)",J-TATE-DAHMANN 1H AW, 1H,3,WASHINGTON,Horizontal,New Drill,N,14200,,APPROVED
Submitted 11/03/2022 Approved 11/10/2022,885517,47731245,"GEOSOUTHERN OPERATING II, LLC (301273)",J-TATE, 1H,3,WASHINGTON,Horizontal,New Drill,N,14100,,APPROVED
Submitted 11/08/2022 Approved 12/13/2022,884724,33135123,"TIDAL PETROLEUM, INC. (859240)",DAYTONA, 1H,1,MILAM,Horizontal,New Drill,Y,6200,,APPROVED
Submitted 11/03/2022 Approved 11/16/2022,885532,47731247,"GEOSOUTHERN OPERATING II, LLC (301273)",J-TATE-DAHMANN 2H AW, 2H,3,WASHINGTON,Horizontal,New Drill,N,14200,,APPROVED
Submitted 11/04/2022 Approved 11/10/2022,885539,28732770,MAGNOLIA OIL & GAS OPERATING LLC (521544),BRUISER PAW, H 01BB,3,LEE,Horizontal,New Drill,N,14500,,APPROVED
Submitted 11/04/2022 Approved 11/10/2022,885544,28732771,MAGNOLIA OIL & GAS OPERATING LLC (521544),BRUISER GREEN, H 03BB,3,LEE,Horizontal,New Drill,N,14500,,APPROVED
Submitted 11/04/2022 Approved 11/16/2022,885547,28732772,MAGNOLIA OIL & GAS OPERATING LLC (521544),BRUISER GOLD, H 05BB,3,LEE,Horizontal,New Drill,N,14500,,APPROVED
Submitted 11/28/2022 Approved 12/06/2022,886045,5134380,"LRR PECOS VALLEY, LLC (511724)",JOE KIDD, 1HA,3,BURLESON,Horizontal,New Drill,N,7000,,APPROVED
Submitted 11/14/2022 Approved 11/21/2022,885727,49130496,"FLINT HILLS RESOURCES, LC (273881)",STORM TPL1,1,1,WILLIAMSON,Vertical,New Drill,N,350,,APPROVED
Submitted 11/15/2022 Approved 12/13/2022,885201,47731243,MAGNOLIA OIL & GAS OPERATING LLC (521544),RIDGE OAK, H 04BR,3,WASHINGTON,Horizontal,New Drill,Y,14500,,APPROVED
Submitted 11/16/2022 Approved 11/29/2022,875808,17734466,"EOG RESOURCES, INC. (253162)",LUMBERJACK A, 1H,1,GONZALES,Horizontal,New Drill,Y,12000,,APPROVED
Submitted 11/22/2022 Approved 12/02/2022,878915,17734489,"PENN VIRGINIA OIL & GAS, L.P. (651780)",AQUAMARINE E, 5H,1,GONZALES,Horizontal,New Drill,Y,14500,,APPROVED
Submitted 12/01/2022 Approved 12/12/2022,886155,17734452,MILLENNIUM EXPLORATION CO. LLC (567496),LEWIS & CLARK 'S', 1H,1,GONZALES,Horizontal Sidetrack,Recompletion,N,7500,,APPROVED
Submitted 12/02/2022 Approved 12/08/2022,886177,17734560,"EOG RESOURCES, INC. (253162)",HEMINGWAY K, 9H,1,GONZALES,Horizontal,New Drill,N,12500,,APPROVED
Submitted 12/01/2022 Approved 12/07/2022,884468,5134377,"LRR PECOS VALLEY, LLC (511724)",DIRTY HARRY, 1HA,3,BURLESON,Horizontal,New Drill,Y,7000,,APPROVED
Submitted 12/05/2022 Approved 01/10/2023,885774,17734559,"TIDAL PETROLEUM, INC. (859240)",RED CREST 4H, 4H,1,GONZALES,Horizontal,New Drill,Y,12000,,APPROVED
Submitted 12/02/2022 Approved 12/07/2022,886190,28732773,"RILEY PERMIAN OPERATING CO, LLC (712217)",SUZZANNE AC UNIT, 1H,3,LEE,Horizontal,New Drill,N,9800,,APPROVED
Submitted 12/02/2022 Approved 12/08/2022,886179,17734561,"EOG RESOURCES, INC. (253162)",HEMINGWAY L, 10H,1,GONZALES,Horizontal,New Drill,N,12500,,APPROVED
Submitted 12/02/2022 Approved 12/08/2022,886181,17734562,"EOG RESOURCES, INC. (253162)",HEMINGWAY M, 11H,1,GONZALES,Horizontal,New Drill,N,12500,,APPROVED
Submitted 12/02/2022 Approved 12/08/2022,886182,17734563,"EOG RESOURCES, INC. (253162)",HEMINGWAY N, 12H,1,GONZALES,Horizontal,New Drill,N,12500,,APPROVED
Submitted 12/05/2022 Approved 12/08/2022,886218,47731248,"GEOSOUTHERN OPERATING II, LLC (301273)",HAP-NEINAST, 1H,3,WASHINGTON,Horizontal,New Drill,N,13500,,APPROVED
Submitted 12/21/2022 Approved 01/17/2023,886745,5134381,"TRAILBLAZER ENERGY RESOURCES,LLC (100797)",RUSSELL TRUST A, 2H,3,BURLESON,Horizontal,New Drill,N,6697,,APPROVED
Submitted 12/21/2022 Approved 01/17/2023,886747,5134382,"TRAILBLAZER ENERGY RESOURCES,LLC (100797)",RUSSELL TRUST B, 3H,3,BURLESON,Horizontal,New Drill,N,6410,,APPROVED
Submitted 12/05/2022 Approved 12/14/2022,886232,14933565,"ROCC OPERATING, LLC (100573)",SAPELE A, 1H,3,FAYETTE,Horizontal,New Drill,N,14500,,APPROVED
Submitted 12/05/2022 Approved 12/14/2022,886234,14933566,"ROCC OPERATING, LLC (100573)",SAPELE B, 2H,3,FAYETTE,Horizontal,New Drill,N,14500,,APPROVED
Submitted 12/07/2022 Approved 01/09/2023,885544,28732771,MAGNOLIA OIL & GAS OPERATING LLC (521544),BRUISER GREEN, H 03BB,3,LEE,Horizontal,New Drill,Y,14500,,APPROVED
Submitted 12/06/2022 Approved 12/15/2022,886278,14933563,MAGNOLIA OIL & GAS OPERATING LLC (521544),OZARK, H 06OB,3,FAYETTE,Horizontal,New Drill,N,13500,,APPROVED
Submitted 12/08/2022 Approved 12/14/2022,886330,14933567,"ROCC OPERATING, LLC (100573)",SAPELE C, 3H,3,FAYETTE,Horizontal,New Drill,N,14500,,APPROVED
Submitted 12/08/2022 Approved 12/14/2022,886331,14933568,"ROCC OPERATING, LLC (100573)",SAPELE D, 4H,3,FAYETTE,Horizontal,New Drill,N,14500,,APPROVED
Submitted 12/07/2022 Approved 12/15/2022,886302,14933564,MAGNOLIA OIL & GAS OPERATING LLC (521544),BYRDE, H 02OB,3,FAYETTE,Horizontal,New Drill,N,13500,,APPROVED
Submitted 12/07/2022 Approved 01/09/2023,885547,28732772,MAGNOLIA OIL & GAS OPERATING LLC (521544),BRUISER GOLD, H 05BB,3,LEE,Horizontal,New Drill,Y,14500,,APPROVED
Submitted 12/12/2022 Approved 12/20/2022,873566,49130488,"NORTH TEXAS ENERGY,INC. (614190)",SPELLINGS,1,1,WILLIAMSON,Vertical,New Drill,Y,2000,,APPROVED
Submitted 12/12/2022 Approved 12/22/2022,886469,5535174,TEXAS PETROLEUM INVESTMENT CO. (847710),"TRAMMELL, H.S.", 4H,1,CALDWELL,Horizontal,New Drill,N,2250,,APPROVED
Submitted 12/13/2022 Approved 01/06/2023,886511,5535175,TEXAS PETROLEUM INVESTMENT CO. (847710),"TABOR, W.H.", 16H,1,CALDWELL,Horizontal,New Drill,N,2150,,APPROVED
Submitted 12/14/2022 Approved 01/18/2023,886190,28732773,"RILEY PERMIAN OPERATING CO, LLC (712217)",SUZZANNE AC UNIT, 1H,3,LEE,Horizontal,New Drill,Y,9800,,APPROVED
Submitted 12/20/2022 Approved 01/05/2023,886737,5535177,TEXAS PETROLEUM INVESTMENT CO. (847710),MERCER 7H UNIT, 7H,1,CALDWELL,Horizontal,New Drill,N,2200,,APPROVED
Submitted 12/20/2022 Approved 12/22/2022,886706,17734564,"EOG RESOURCES, INC. (253162)",FLOYD UNIT, 2H,1,GONZALES,Horizontal,New Drill,N,10500,,APPROVED
Submitted 12/20/2022 Approved 12/22/2022,886707,17734565,"EOG RESOURCES, INC. (253162)",FLOYD UNIT, 3H,1,GONZALES,Horizontal,New Drill,N,10500,,APPROVED
Submitted 12/20/2022 Approved 12/22/2022,886708,17734566,"EOG RESOURCES, INC. (253162)",FLOYD UNIT, 4H,1,GONZALES,Horizontal,New Drill,N,10500,,APPROVED
Submitted 12/20/2022 Approved 12/22/2022,886709,17734567,"EOG RESOURCES, INC. (253162)",FLOYD UNIT, 5H,1,GONZALES,Horizontal,New Drill,N,10500,,APPROVED
Submitted 12/21/2022 Approved 12/27/2022,886748,17734568,"EOG RESOURCES, INC. (253162)",LORD C UNIT, 13H,1,GONZALES,Horizontal,New Drill,N,12700,,APPROVED
Submitted 12/21/2022 Approved 12/27/2022,886750,17734569,"EOG RESOURCES, INC. (253162)",ZION D, 4H,1,GONZALES,Horizontal,New Drill,N,12700,,APPROVED
Submitted 12/21/2022 Approved 12/27/2022,886752,17734570,"EOG RESOURCES, INC. (253162)",ZION E, 5H,1,GONZALES,Horizontal,New Drill,N,12700,,APPROVED
Submitted 12/21/2022 Approved 12/27/2022,886775,5535176,"LEFT BEHIND RECOVERY, LLC (495534)","BRISCOE, TRAP -A- 100 ACRES", 1B,1,CALDWELL,Vertical,New Drill,N,3000,,APPROVED
Submitted 12/21/2022 Approved 12/27/2022,886754,17734571,"EOG RESOURCES, INC. (253162)",ZION F, 6H,1,GONZALES,Horizontal,New Drill,N,12700,,APPROVED
Submitted 12/21/2022 Approved 12/27/2022,886756,17734572,"EOG RESOURCES, INC. (253162)",ZION G, 7H,1,GONZALES,Horizontal,New Drill,N,12700,,APPROVED
Submitted 12/21/2022 Approved 12/27/2022,886763,17734573,"EOG RESOURCES, INC. (253162)",SMOKY MOUNTAINS F, 6H,1,GONZALES,Horizontal,New Drill,N,12500,,APPROVED
Submitted 12/21/2022 Approved 12/27/2022,886765,17734574,"EOG RESOURCES, INC. (253162)",SMOKY MOUNTAINS G, 7H,1,GONZALES,Horizontal,New Drill,N,12500,,APPROVED
Submitted 12/21/2022 Approved 12/27/2022,886767,17734575,"EOG RESOURCES, INC. (253162)",SMOKY MOUNTAINS H, 8H,1,GONZALES,Horizontal,New Drill,N,12500,,APPROVED
Submitted 12/21/2022 Approved 12/27/2022,886770,17734576,"EOG RESOURCES, INC. (253162)",SMOKY MOUNTAINS J, 9H,1,GONZALES,Horizontal,New Drill,N,12500,,APPROVED
Submitted 12/27/2022 Approved 01/04/2023,886857,17734579,"EOG RESOURCES, INC. (253162)",SMOKY MOUNTAINS K, 10H,1,GONZALES,Horizontal,New Drill,N,12500,,APPROVED
Submitted 12/22/2022 Approved 12/22/2022,886834,33135126,"LRR PECOS VALLEY, LLC (511724)",THUNDERBOLT, 1HA,1,MILAM,Horizontal,New Drill,N,7900,,APPROVED
Submitted 12/27/2022 Approved 01/04/2023,886859,17734580,"EOG RESOURCES, INC. (253162)",SMOKY MOUNTAINS L, 11H,1,GONZALES,Horizontal,New Drill,N,12500,,APPROVED
Submitted 01/04/2023 Approved 02/06/2023,886857,17734579,"EOG RESOURCES, INC. (253162)",SMOKY MOUNTAINS K, 10H,1,GONZALES,Horizontal,New Drill,Y,12500,,APPROVED
Submitted 01/04/2023 Approved 02/06/2023,886859,17734580,"EOG RESOURCES, INC. (253162)",SMOKY MOUNTAINS L, 11H,1,GONZALES,Horizontal,New Drill,Y,12500,,APPROVED
Submitted 01/09/2023 Approved 01/12/2023,884724,33135123,"TIDAL PETROLEUM, INC. (859240)",DAYTONA, 1H,1,MILAM,Horizontal,New Drill,Y,6200,,APPROVED
Submitted 01/09/2023 Approved 01/18/2023,887134,2131646,BASTROP ENERGY GROUP (055118),BAHENA,1,1,BASTROP,Vertical,New Drill,N,2800,,APPROVED
Submitted 01/10/2023 Approved 01/13/2023,887184,5134383,ATLAS OPERATING LLC (036587),ROBERT GREEN,2,3,BURLESON,Vertical,New Drill,N,7000,,APPROVED
Submitted 01/13/2023 Approved 01/17/2023,887297,33135093,"LRR PECOS VALLEY, LLC (511724)",DAISY SWD,1,1,MILAM,Vertical,New Drill,N,7300,,APPROVED
Submitted 01/16/2023 Approved 01/19/2023,887334,17734581,MILLENNIUM EXPLORATION CO. LLC (567496),M&M, 1H,1,GONZALES,Horizontal,New Drill,N,8100,,APPROVED
Submitted 01/19/2023 Approved 01/27/2023,887468,5535178,TEXAS PETROLEUM INVESTMENT CO. (847710),"MERCER, MATTIE", 3H,1,CALDWELL,Horizontal,New Drill,N,2250,,APPROVED
Submitted 01/21/2023 Approved 01/27/2023,887525,14933569,MAGNOLIA OIL & GAS OPERATING LLC (521544),DAYBLAZER RED, H 01DR,3,FAYETTE,Horizontal,New Drill,N,10780,,APPROVED
Submitted 01/21/2023 Approved 01/27/2023,887526,14933570,MAGNOLIA OIL & GAS OPERATING LLC (521544),DAYBLAZER WHITE, H 03DR,3,FAYETTE,Horizontal,New Drill,N,10750,,APPROVED
Submitted 01/26/2023 Approved 02/06/2023,887688,17734497,"TIDAL PETROLEUM, INC. (859240)",RED CREST NORTH, 1H,1,GONZALES,Horizontal,Field Transfer,N,11699,,APPROVED
Submitted 01/26/2023 Approved 02/07/2023,887690,17734498,"TIDAL PETROLEUM, INC. (859240)",RED CREST SOUTH, 2H,1,GONZALES,Horizontal,Field Transfer,N,11997,,APPROVED
Submitted 01/23/2023 Approved 01/27/2023,887557,28732774,BOSCO PETROLEUM LLC (083266),BAINE-JOHNSON,1,3,LEE,Vertical,New Drill,N,3100,,APPROVED
Submitted 01/25/2023 Approved 01/27/2023,887636,14933571,"GEOSOUTHERN OPERATING II, LLC (301273)",WESSELS UNIT, 1H,3,FAYETTE,Horizontal,New Drill,N,14300,,APPROVED
Submitted 01/24/2023 Approved 02/07/2023,876832,5134364,"CHESAPEAKE OPERATING, L.L.C. (147699)",JOHN GERDES HCX2, 2H,3,BURLESON,Horizontal,New Drill,Y,9000,,APPROVED
Submitted 01/23/2023 Approved 01/31/2023,887561,5535179,TEXAS PETROLEUM INVESTMENT CO. (847710),"MERCER, F.M. & W.M.", 1H,1,CALDWELL,Horizontal,New Drill,N,2200,,APPROVED
Submitted 01/24/2023 Approved 01/26/2023,887604,49130497,"NORTH TEXAS ENERGY,INC. (614190)",SPELLINGS,2,1,WILLIAMSON,Vertical,New Drill,N,2000,,APPROVED
Submitted 01/26/2023 Approved 02/01/2023,887710,14933572,MAGNOLIA OIL & GAS OPERATING LLC (521544),DAYBLAZER BLUE, H 05DR,3,FAYETTE,Horizontal,New Drill,N,10780,,APPROVED
Submitted 01/27/2023 Approved 02/01/2023,887713,14933573,MAGNOLIA OIL & GAS OPERATING LLC (521544),DAYBLAZER BLACK, H 07DR,3,FAYETTE,Horizontal,New Drill,N,10850,,APPROVED
Submitted 02/01/2023 Approved 02/10/2023,887838,47731249,MAGNOLIA OIL & GAS OPERATING LLC (521544),TATER TOT, H 01TT,3,WASHINGTON,Horizontal,New Drill,N,15000,,APPROVED
Submitted 02/01/2023 Approved 02/10/2023,887839,47731250,MAGNOLIA OIL & GAS OPERATING LLC (521544),TATER TOWN, H 03TT,3,WASHINGTON,Horizontal,New Drill,N,15000,,APPROVED
Submitted 02/01/2023 Approved 02/10/2023,887840,47731251,MAGNOLIA OIL & GAS OPERATING LLC (521544),TATER RUN, H 05TT,3,WASHINGTON,Horizontal,New Drill,N,15000,,APPROVED
Submitted 02/02/2023 Approved 02/09/2023,887841,47731252,MAGNOLIA OIL & GAS OPERATING LLC (521544),TATER MEMORIAL, H 07TT,3,WASHINGTON,Horizontal,New Drill,N,15000,,APPROVED
Submitted 02/07/2023 Approved 02/16/2023,887996,17734585,"EOG RESOURCES, INC. (253162)",CONGAREE A, 1H,1,GONZALES,Horizontal,New Drill,N,12800,,APPROVED
Submitted 02/06/2023 Approved 02/10/2023,887933,17734582,"EOG RESOURCES, INC. (253162)",HENKHAUS UNIT, 16H,1,GONZALES,Horizontal,New Drill,N,13100,,APPROVED
Submitted 02/06/2023 Approved 02/10/2023,887936,17734583,"EOG RESOURCES, INC. (253162)",HENKHAUS UNIT, 17H,1,GONZALES,Horizontal,New Drill,N,13100,,APPROVED
Submitted 02/06/2023 Approved 02/10/2023,887937,17734584,"EOG RESOURCES, INC. (253162)",HENKHAUS UNIT, 18H,1,GONZALES,Horizontal,New Drill,N,13100,,APPROVED
Submitted 02/13/2023 Approved 02/24/2023,888156,17734586,"EOG RESOURCES, INC. (253162)",CONGAREE B, 2H,1,GONZALES,Horizontal,New Drill,N,13100,,APPROVED
Submitted 02/08/2023 Approved 02/15/2023,888017,14932489,MCA PETROLEUM CORPORATION (537160),ARNIM-WARREN,3,3,FAYETTE,Vertical,Recompletion,N,1850,,APPROVED
Submitted 02/20/2023 Approved 03/01/2023,888361,17734587,BURLINGTON RESOURCES O & G CO LP (109333),VEIT-PILGRIM A USW A,1,1,GONZALES,Horizontal,New Drill,N,17500,,APPROVED
Submitted 02/20/2023 Approved 03/01/2023,888362,17734588,BURLINGTON RESOURCES O & G CO LP (109333),VEIT-PILGRIM A USW B,1,1,GONZALES,Horizontal,New Drill,N,17500,,APPROVED
Submitted 02/20/2023 Approved 03/01/2023,888363,17734589,BURLINGTON RESOURCES O & G CO LP (109333),VEIT-PILGRIM A USW C,1,1,GONZALES,Horizontal,New Drill,N,17500,,APPROVED
Submitted 02/20/2023 Approved 03/01/2023,888364,17734590,BURLINGTON RESOURCES O & G CO LP (109333),VEIT-PILGRIM A USW D,1,1,GONZALES,Horizontal,New Drill,N,17500,,APPROVED
Submitted 02/20/2023 Approved 03/01/2023,888365,17734591,BURLINGTON RESOURCES O & G CO LP (109333),VEIT-PILGRIM A-B ULW,1,1,GONZALES,Horizontal,New Drill,N,17500,,APPROVED
Submitted 02/14/2023 Approved 02/23/2023,886330,14933567,"ROCC OPERATING, LLC (100573)",SAPELE C, 3H,3,FAYETTE,Horizontal,New Drill,Y,14500,,APPROVED
Submitted 02/14/2023 Approved 02/23/2023,886331,14933568,"ROCC OPERATING, LLC (100573)",SAPELE D, 4H,3,FAYETTE,Horizontal,New Drill,Y,14500,,APPROVED
Submitted 02/17/2023 Approved 03/01/2023,888331,18733701,TEXAS PETROLEUM INVESTMENT CO. (847710),"ALLEN, J.E. -B-", 10H,1,GUADALUPE,Horizontal,New Drill,N,2180,,APPROVED